id,label
10324,0.95000
10910,0.05000
11756,0.05000
11984,0.95000
12135,0.05000
1481,0.95000
4219,0.95000
4435,0.05000
5154,0.05000
6055,0.95000
6277,0.95000
6306,0.05000
6534,0.05000
7190,0.95000
7296,0.05000
7536,0.95000
8270,0.05000
8427,0.05000
8610,0.95000
9753,0.05000
